ranking_posicion;empresa;nit;departamento;ciudad;contacto;email;telefono;modalidad;vacantes;postulados;competencia_ratio;cat_badge;puntaje_exito;escalabilidad_score;reputacion_rating;apoyo_sostenimiento;salario_egresado_jr;techo_salarial_5anios;fecha_cierre
1;CLARO INSURANCE S.A.S;901144120;Caldas;Anserma;Eliana Medina;emedina@claroinsurance.com;3058138695;Presencial / No especificado;1;0;0.0;Tier 1 · Élite Software & Tech;99;96;4.4;$1.423.500 COP (100% SMMLV);$3.000.000 a $5.000.000+ COP;$10M - $22M+ COP ($3.0k - $6.0k USD Remoto);30/09/2026
2;SOFTWARE INMOBILIARIO WASI S.A.S.;901037816;Bogota D.C.;Bogota D. C.;Laura Duarte;laura.duarte@lifullconnect.com;3143976404;Remoto;2;2;1.0;Tier 1 · Élite Software & Tech;99;96;4.4;$1.423.500 COP (100% SMMLV);$3.000.000 a $5.000.000+ COP;$10M - $22M+ COP ($3.0k - $6.0k USD Remoto);30/09/2026
3;GEOCOM SOFTWARE COLOMBIA SAS;901080045;Bogota D.C.;Bogota D. C.;Yudis Perez Beleño;yperez@geocom.com.uy;3165713475;Presencial / No especificado;1;1;1.0;Tier 1 · Élite Software & Tech;99;96;4.4;$1.423.500 COP (100% SMMLV);$3.000.000 a $5.000.000+ COP;$10M - $22M+ COP ($3.0k - $6.0k USD Remoto);10/09/2026
4;STEFANINI COLOMBIA S.A.S;800114672;Bogota D.C.;Bogota D. C.;Johana Avilés;ljdelgado@stefanini.com;33333333;Presencial / No especificado;6;16;2.67;Tier 1 · Élite Software & Tech;99;96;4.4;$1.423.500 COP (100% SMMLV);$3.000.000 a $5.000.000+ COP;$10M - $22M+ COP ($3.0k - $6.0k USD Remoto);30/09/2026
5;TELEMATICA SAS;844000518;Casanare;Yopal;Marcela Nova;wendy.nova@telematicacol.com;3058149131;Presencial / No especificado;2;6;3.0;Tier 1 · Élite Software & Tech;99;96;4.4;$1.423.500 COP (100% SMMLV);$3.000.000 a $5.000.000+ COP;$10M - $22M+ COP ($3.0k - $6.0k USD Remoto);11/09/2026
6;SII GROUP COLOMBIA SAS - SII GROUP COLOMBIA;900278864;Bogota D.C.;Bogota D. C.;Cindy Bejarano;cindy.bejarano@sii-group.co;3188186782;Presencial / No especificado;1;3;3.0;Tier 1 · Élite Software & Tech;99;96;4.4;$1.423.500 COP (100% SMMLV);$3.000.000 a $5.000.000+ COP;$10M - $22M+ COP ($3.0k - $6.0k USD Remoto);16/09/2026
7;OMNI.PRO COLOMBIA S.A.S.;901252729;Cundinamarca;Soacha;Margarita Barrero;margarita.barrero@omni.pro;3173660669;Presencial / No especificado;1;4;4.0;Tier 1 · Élite Software & Tech;99;96;4.4;$1.423.500 COP (100% SMMLV);$3.000.000 a $5.000.000+ COP;$10M - $22M+ COP ($3.0k - $6.0k USD Remoto);31/08/2026
8;DESIGNER SOFTWARE S.A.S;830045567;Bogota D.C.;Bogota D. C.;YADY VILLARREAL;rrhh@nomina.com.co;3174289926;Presencial / No especificado;1;4;4.0;Tier 1 · Élite Software & Tech;99;96;4.4;$1.423.500 COP (100% SMMLV);$3.000.000 a $5.000.000+ COP;$10M - $22M+ COP ($3.0k - $6.0k USD Remoto);30/09/2026
9;TECNOLOGIAS LAN S.A.S;901635607;Antioquia;Medellin;Ana Maldonado;info@tecnologiaslan.com;3015118073;Presencial / No especificado;1;21;21.0;Tier 1 · Élite Software & Tech;99;96;4.4;$1.423.500 COP (100% SMMLV);$3.000.000 a $5.000.000+ COP;$10M - $22M+ COP ($3.0k - $6.0k USD Remoto);31/08/2026
10;SOFTWARE QUALITY ASSURANCE S.A.;811042907;Bogota D.C.;Bogota D. C.;Karen Torres;talentos1.sqa@sqasa.co;3102452950;Presencial / No especificado;15;34;2.27;Tier 1 · Élite Software & Tech;97;96;4.4;$1.423.500 COP (100% SMMLV);$3.000.000 a $5.000.000+ COP;$10M - $22M+ COP ($3.0k - $6.0k USD Remoto);31/08/2026
11;MVM INGENIERIA DEL SOFTWARE S.A.S.;811003890;Antioquia;Apartado;Melisa Salazar;seleccion@globalmvm.com;3184095193;Presencial / No especificado;3;18;6.0;Tier 1 · Élite Software & Tech;97;96;4.4;$1.423.500 COP (100% SMMLV);$3.000.000 a $5.000.000+ COP;$10M - $22M+ COP ($3.0k - $6.0k USD Remoto);03/11/2026
12;MVM INGENIERIA DEL SOFTWARE S.A.S.;811003890;Antioquia;Envigado;Melisa Salazar;seleccion@globalmvm.com;3184095193;Presencial / No especificado;3;18;6.0;Tier 1 · Élite Software & Tech;97;96;4.4;$1.423.500 COP (100% SMMLV);$3.000.000 a $5.000.000+ COP;$10M - $22M+ COP ($3.0k - $6.0k USD Remoto);03/11/2026
13;MVM INGENIERIA DEL SOFTWARE S.A.S.;811003890;Caldas;Manizales;Melisa Salazar;seleccion@globalmvm.com;3184095193;Presencial / No especificado;3;20;6.67;Tier 1 · Élite Software & Tech;97;96;4.4;$1.423.500 COP (100% SMMLV);$3.000.000 a $5.000.000+ COP;$10M - $22M+ COP ($3.0k - $6.0k USD Remoto);03/11/2026
14;PROFESSIONAL CONSULTING SERVICES S.A.S.;900882909;Huila;Neiva;Andres Felipe Navarro;recursos.humanos@inmigracionaldia.com;3144494917;Presencial / No especificado;3;14;4.67;Tier 1 · Élite Software & Tech;95;96;4.4;$1.423.500 COP (100% SMMLV);$3.000.000 a $5.000.000+ COP;$10M - $22M+ COP ($3.0k - $6.0k USD Remoto);30/09/2026
15;RSM COLOMBIA BPO & CONSULTING SAS - RSM BPO;900666572;Bogota D.C.;Bogota D. C.;Daniela Alejandra Martinez;alejandra.martinez@rsmco.co;3178260855;Presencial / No especificado;1;5;5.0;Tier 1 · Élite Software & Tech;95;96;4.4;$1.423.500 COP (100% SMMLV);$3.000.000 a $5.000.000+ COP;$10M - $22M+ COP ($3.0k - $6.0k USD Remoto);31/08/2026
16;SOLUCIONES WIGA S.A.S;900525588;Antioquia;Rionegro;Paula Pinzón;paula.pinzon@ghtcorp.com;3138663562;Presencial / No especificado;1;6;6.0;Tier 1 · Élite Software & Tech;95;96;4.4;$1.423.500 COP (100% SMMLV);$3.000.000 a $5.000.000+ COP;$10M - $22M+ COP ($3.0k - $6.0k USD Remoto);11/09/2026
17;DIGITAL SOLUTIONS FOR BUSINESS S A S;900965503;Bogota D.C.;Bogota D. C.;IVONNE GARZON;ivonne.garzon@ds4business.com;3147990705;Presencial / No especificado;1;3;3.0;Tier 1 · Élite Software & Tech;94;96;4.4;$1.423.500 COP (100% SMMLV);$3.000.000 a $5.000.000+ COP;$10M - $22M+ COP ($3.0k - $6.0k USD Remoto);31/08/2026
18;HIBERUS DIGITAL COLOMBIA S.A.S;901019706;Bogota D.C.;Bogota D. C.;Mariana Florido;mflorido@hiberus.com;0000;Presencial / No especificado;1;5;5.0;Tier 1 · Élite Software & Tech;94;96;4.4;$1.423.500 COP (100% SMMLV);$3.000.000 a $5.000.000+ COP;$10M - $22M+ COP ($3.0k - $6.0k USD Remoto);31/08/2026
19;POSICION DIGITAL S.A.S.;900346202;Antioquia;Medellin;Ana Noreña;ana.norena@dentsu.com;3;Presencial / No especificado;1;8;8.0;Tier 1 · Élite Software & Tech;94;96;4.4;$1.423.500 COP (100% SMMLV);$3.000.000 a $5.000.000+ COP;$10M - $22M+ COP ($3.0k - $6.0k USD Remoto);30/09/2026
20;ARQUITECSOFT S.A.S.;900214463;Valle;Cali;Astrid Veronica Calle Caicedo;veronicacc@arqs.co;3797724;Presencial / No especificado;3;31;10.33;Tier 1 · Élite Software & Tech;94;96;4.4;$1.423.500 COP (100% SMMLV);$3.000.000 a $5.000.000+ COP;$10M - $22M+ COP ($3.0k - $6.0k USD Remoto);27/08/2026
21;ASISTE MAS SAS;901212388;Bogota D.C.;Bogota D. C.;PATRICIA DOMINGUEZ;gestionhumana@asiste-mas.com;3222230426;Presencial / No especificado;1;4;4.0;Tier 2 · Sistemas Corporativos & Alta Escala;93;88;4.2;$1.423.500 COP (100% SMMLV);$2.500.000 a $4.000.000 COP;$8M - $15M COP (Empresarial / Banca / Fintech);19/09/2026
22;AVAL SOLUCIONES DIGITALES SA;901140552;Bogota D.C.;Bogota D. C.;Santiago Muñoz Hernandez;convocatorias@dale.com.co;3183611907;Presencial / No especificado;1;9;9.0;Tier 1 · Élite Software & Tech;92;96;4.4;$1.423.500 COP (100% SMMLV);$3.000.000 a $5.000.000+ COP;$10M - $22M+ COP ($3.0k - $6.0k USD Remoto);31/10/2026
23;ORGANIZACIÓN DE ALTA TECNOLOGÍA S.A.S.;900743259;Risaralda;Pereira;MARIA ALEJANDRA TRUJILLO GALLO;coordinaciongestionhumana@clinicaoat.com;3012542413;Presencial / No especificado;1;10;10.0;Tier 1 · Élite Software & Tech;92;96;4.4;$1.423.500 COP (100% SMMLV);$3.000.000 a $5.000.000+ COP;$10M - $22M+ COP ($3.0k - $6.0k USD Remoto);31/08/2026
24;MASIVIAN SAS;901034523;Cundinamarca;Facatativa;Paula Martinez;paula.martinez@masiv.com;310;Presencial / No especificado;1;1;1.0;Tier 2 · Sistemas Corporativos & Alta Escala;92;88;4.2;$1.423.500 COP (100% SMMLV);$2.500.000 a $4.000.000 COP;$8M - $15M COP (Empresarial / Banca / Fintech);31/10/2026
25;LABORATORIOS OSA S.A.S;900330855;Valle;Yumbo;Johanna Isabel Huertas;seleccion.bienestar@laboratoriososa.com.co;3102423007;Presencial / No especificado;1;0;0.0;Tier 2 · Sistemas Corporativos & Alta Escala;90;88;4.2;$1.423.500 COP (100% SMMLV);$2.500.000 a $4.000.000 COP;$8M - $15M COP (Empresarial / Banca / Fintech);11/11/2026
26;TANQUES DEL NORDESTE S.A.;800092024;Antioquia;Itagui;MANUELA TABORDA;gestion.humana@tanquesdelnordeste.com;3105397600;Presencial / No especificado;1;0;0.0;Tier 2 · Sistemas Corporativos & Alta Escala;90;88;4.2;$1.423.500 COP (100% SMMLV);$2.500.000 a $4.000.000 COP;$8M - $15M COP (Empresarial / Banca / Fintech);30/09/2026
27;PRIMAX COLOMBIA S.A. - PRIMAX COLOMBIA;860002554;Tolima;Coello;Natalia Pavajeau;npavajeau@primax.com;3043847339;Presencial / No especificado;1;0;0.0;Tier 2 · Sistemas Corporativos & Alta Escala;90;88;4.2;$1.423.500 COP (100% SMMLV);$2.500.000 a $4.000.000 COP;$8M - $15M COP (Empresarial / Banca / Fintech);24/09/2026
28;INGENIERIA Y DISEÑO INGEDISA S A;830023758;Bogota D.C.;Bogota D. C.;Paola Palacio;seleccion@ingedisa.com;3007725510;Presencial;1;0;0.0;Tier 2 · Sistemas Corporativos & Alta Escala;90;88;4.2;$1.423.500 COP (100% SMMLV);$2.500.000 a $4.000.000 COP;$8M - $15M COP (Empresarial / Banca / Fintech);31/08/2026
29;UNIVERSIDAD COOPERATIVA DE COLOMBIA;860029924;Tolima;Ibague;CAMILA;maria.beltranme@ucc.educ.o;3154526648;Presencial / No especificado;1;0;0.0;Tier 2 · Sistemas Corporativos & Alta Escala;90;88;4.2;$1.423.500 COP (100% SMMLV);$2.500.000 a $4.000.000 COP;$8M - $15M COP (Empresarial / Banca / Fintech);04/09/2026
30;INDUSTRIAS ECTRICOL SAS;800154428;Bogota D.C.;Bogota D. C.;Lina Ma Diaz Borja;ldiaz@ectricol.com;3105642110;Presencial / No especificado;1;0;0.0;Tier 2 · Sistemas Corporativos & Alta Escala;90;88;4.2;$1.423.500 COP (100% SMMLV);$2.500.000 a $4.000.000 COP;$8M - $15M COP (Empresarial / Banca / Fintech);30/09/2026
31;MASIVIAN SAS;901034523;Bogota D.C.;Bogota D. C.;Paula Martinez;paula.martinez@masiv.com;310;Presencial / No especificado;1;6;6.0;Tier 2 · Sistemas Corporativos & Alta Escala;90;88;4.2;$1.423.500 COP (100% SMMLV);$2.500.000 a $4.000.000 COP;$8M - $15M COP (Empresarial / Banca / Fintech);31/10/2026
32;MASIVIAN SAS;901034523;Antioquia;Medellin;Paula Martinez;paula.martinez@masiv.com;310;Presencial / No especificado;1;8;8.0;Tier 2 · Sistemas Corporativos & Alta Escala;90;88;4.2;$1.423.500 COP (100% SMMLV);$2.500.000 a $4.000.000 COP;$8M - $15M COP (Empresarial / Banca / Fintech);31/10/2026
33;AGESO S.A.S. ASESORIAS EN GERENCIA Y SALUD OCUPACIONAL;807001777;Norte De Santander;Los Patios;VANESSA OSPINA;jefeadministrativo@ageso.co;5748874;Presencial / No especificado;1;0;0.0;Tier 2 · Sistemas Corporativos & Alta Escala;89;88;4.2;$1.423.500 COP (100% SMMLV);$2.500.000 a $4.000.000 COP;$8M - $15M COP (Empresarial / Banca / Fintech);29/08/2026
34;VC@SOFT S A S;830086348;Boyaca;Boyaca;Valeria Oyone;voyone@mail.vc-soft.com;6219348;Presencial / No especificado;1;0;0.0;Tier 2 · Sistemas Corporativos & Alta Escala;89;88;4.2;$1.423.500 COP (100% SMMLV);$2.500.000 a $4.000.000 COP;$8M - $15M COP (Empresarial / Banca / Fintech);01/11/2026
35;BANCO DE LAS MICROFINANZAS BANCAMIA S A;900215071;Sucre;Sincelejo;Lina Martin;lina.martin@bancamia.com.co;3213929026;Presencial / No especificado;30;15;0.5;Tier 2 · Sistemas Corporativos & Alta Escala;88;88;4.2;$1.423.500 COP (100% SMMLV);$2.500.000 a $4.000.000 COP;$8M - $15M COP (Empresarial / Banca / Fintech);11/09/2026
36;BANCO DE LAS MICROFINANZAS BANCAMIA S A;900215071;Antioquia;Rionegro;Lina Martin;lina.martin@bancamia.com.co;3213929026;Presencial / No especificado;30;27;0.9;Tier 2 · Sistemas Corporativos & Alta Escala;88;88;4.2;$1.423.500 COP (100% SMMLV);$2.500.000 a $4.000.000 COP;$8M - $15M COP (Empresarial / Banca / Fintech);11/09/2026
37;GRUPO MEDIR ING SAS;900669602;Bogota D.C.;Bogota D. C.;Cristian Camilo Nieto;aux.talentohumano@medinayrivera.com.co;3242153897;Presencial / No especificado;2;2;1.0;Tier 2 · Sistemas Corporativos & Alta Escala;88;88;4.2;$1.423.500 COP (100% SMMLV);$2.500.000 a $4.000.000 COP;$8M - $15M COP (Empresarial / Banca / Fintech);30/09/2026
38;CAMBIO COMUNICACIONES COLOMBIA S.A.S.;901535489;Bogota D.C.;Bogota D. C.;ALEXANDRA PEÑA;operaciones@cambiocolombia.com;3204836442;Presencial / No especificado;1;1;1.0;Tier 2 · Sistemas Corporativos & Alta Escala;88;88;4.2;$1.423.500 COP (100% SMMLV);$2.500.000 a $4.000.000 COP;$8M - $15M COP (Empresarial / Banca / Fintech);30/09/2026
39;RAPPI S.A.S.;900843898;Atlantico;Barranquilla;Sofia Hoyos;sofia.hoyos@rappi.com;3127493439;Presencial / No especificado;6;6;1.0;Tier 2 · Sistemas Corporativos & Alta Escala;88;88;4.2;$1.423.500 COP (100% SMMLV);$2.500.000 a $4.000.000 COP;$8M - $15M COP (Empresarial / Banca / Fintech);28/08/2026
40;KAESER COMPRESORES DE COLOMBIA S.A.S;830067414;Cundinamarca;Tenjo;Sol Rodriguez;sol.rodriguez@kaeser.com;3233228993;Presencial / No especificado;1;1;1.0;Tier 2 · Sistemas Corporativos & Alta Escala;88;88;4.2;$1.423.500 COP (100% SMMLV);$2.500.000 a $4.000.000 COP;$8M - $15M COP (Empresarial / Banca / Fintech);30/09/2026
41;RECUPERACIONES NARANJO RECYCLING SAS;806011019;Valle;Yumbo;OLGA MORENO;recursoshumanos@recuperacionesnaranjo.com;3146905698;Presencial / No especificado;1;1;1.0;Tier 2 · Sistemas Corporativos & Alta Escala;88;88;4.2;$1.423.500 COP (100% SMMLV);$2.500.000 a $4.000.000 COP;$8M - $15M COP (Empresarial / Banca / Fintech);31/08/2026
42;NESTOR ROLANDO AVILA SANCHEZ;1057214047;Boyaca;Villa De Leyva;ROLANDO AVILA;rolagrovilladeleiva@gmail.com;3203402317;Presencial / No especificado;1;1;1.0;Tier 2 · Sistemas Corporativos & Alta Escala;88;88;4.2;$1.423.500 COP (100% SMMLV);$2.500.000 a $4.000.000 COP;$8M - $15M COP (Empresarial / Banca / Fintech);27/08/2026
43;NESTOR ROLANDO AVILA SANCHEZ;1057214047;Boyaca;Tinjaca;ROLANDO AVILA;rolagrovilladeleiva@gmail.com;3203402317;Presencial / No especificado;1;1;1.0;Tier 2 · Sistemas Corporativos & Alta Escala;88;88;4.2;$1.423.500 COP (100% SMMLV);$2.500.000 a $4.000.000 COP;$8M - $15M COP (Empresarial / Banca / Fintech);27/08/2026
44;LOGISTICA FERRETERA S.A.S.;900236553;Bogota D.C.;Bogota D. C.;Daniel Bayona;daniel.bayona@logiser.com.co;3105742117;Presencial / No especificado;3;4;1.33;Tier 2 · Sistemas Corporativos & Alta Escala;88;88;4.2;$1.423.500 COP (100% SMMLV);$2.500.000 a $4.000.000 COP;$8M - $15M COP (Empresarial / Banca / Fintech);25/09/2026
45;CEMEX COLOMBIA S.A.;860002523;Cundinamarca;Sibate;Maria Camila Arias;maria.arias@ext.cemex.com;3223792449;Presencial / No especificado;3;4;1.33;Tier 2 · Sistemas Corporativos & Alta Escala;88;88;4.2;$1.423.500 COP (100% SMMLV);$2.500.000 a $4.000.000 COP;$8M - $15M COP (Empresarial / Banca / Fintech);31/08/2026
46;TONER DEPOT SAS;900503695;Huila;Garzon;ANDREA DUPUTEL;administrativa@tonerdepot.com.co;3118342090;Presencial / No especificado;1;2;2.0;Tier 2 · Sistemas Corporativos & Alta Escala;88;88;4.2;$1.423.500 COP (100% SMMLV);$2.500.000 a $4.000.000 COP;$8M - $15M COP (Empresarial / Banca / Fintech);05/09/2026
47;GESTION DE SEGURIDAD ELECTRONICA S.A - GSE SA;900204272;Cundinamarca;Zipaquira;Karen Rodriguez;karenj.rodriguez@gse.com.co;3102067037;Presencial / No especificado;10;20;2.0;Tier 2 · Sistemas Corporativos & Alta Escala;88;88;4.2;$1.423.500 COP (100% SMMLV);$2.500.000 a $4.000.000 COP;$8M - $15M COP (Empresarial / Banca / Fintech);23/09/2026
48;LOPEZ QUINTERO YOBANY ALBERTO;89009237;Bogota D.C.;Bogota D. C.;Sofia Caballero;gestionhumanalopezquintero@gmail.com;3173766883;Remoto;1;2;2.0;Tier 2 · Sistemas Corporativos & Alta Escala;88;88;4.2;$1.423.500 COP (100% SMMLV);$2.500.000 a $4.000.000 COP;$8M - $15M COP (Empresarial / Banca / Fintech);30/10/2026
49;AUXIS COLOMBIA S.A.S;901478699;Bogota D.C.;Bogota D. C.;Xildana Leguizamon;xildana.leguizamoneslava@auxis.com;3017565034;Presencial / No especificado;1;2;2.0;Tier 2 · Sistemas Corporativos & Alta Escala;88;88;4.2;$1.423.500 COP (100% SMMLV);$2.500.000 a $4.000.000 COP;$8M - $15M COP (Empresarial / Banca / Fintech);30/10/2026
50;PORTADA INMOBILIARIA S.A.S.;900336513;Antioquia;Medellin;Susana Salazar;gestionhumana@portadainmobiliaria.com;3103488592;Presencial / No especificado;2;5;2.5;Tier 2 · Sistemas Corporativos & Alta Escala;88;88;4.2;$1.423.500 COP (100% SMMLV);$2.500.000 a $4.000.000 COP;$8M - $15M COP (Empresarial / Banca / Fintech);31/08/2026
51;CEMEX COLOMBIA S.A.;860002523;Santander;Floridablanca;Tatiana Nieves;tatiana.nieves@ext.cemex.com;3173676257;Presencial / No especificado;3;8;2.67;Tier 2 · Sistemas Corporativos & Alta Escala;88;88;4.2;$1.423.500 COP (100% SMMLV);$2.500.000 a $4.000.000 COP;$8M - $15M COP (Empresarial / Banca / Fintech);30/09/2026
52;PINTURAS Y DECORACIONES PINTUMAXTER S A S;900327021;Cundinamarca;Madrid;LEIDY CARDENAS;talentohumano@pintumaxter.co;3023417012;Presencial / No especificado;5;14;2.8;Tier 2 · Sistemas Corporativos & Alta Escala;88;88;4.2;$1.423.500 COP (100% SMMLV);$2.500.000 a $4.000.000 COP;$8M - $15M COP (Empresarial / Banca / Fintech);29/09/2026
53;NTT DATA COLOMBIA S.A.S.;900128566;Cauca;Popayan;Wilmer Bocanegra;wilmer.camilo.bocanegra.ramirez@emeal.nttdata.com;3176606998;Presencial / No especificado;20;57;2.85;Tier 2 · Sistemas Corporativos & Alta Escala;88;88;4.2;$1.423.500 COP (100% SMMLV);$2.500.000 a $4.000.000 COP;$8M - $15M COP (Empresarial / Banca / Fintech);15/12/2026
54;JAZZPLAT COLOMBIA S A S;900483791;Bogota D.C.;Bogota D. C.;Alejandro Sánchez;cristianalejandr.jcol@masorange.es;3105727089;Presencial / No especificado;3;9;3.0;Tier 2 · Sistemas Corporativos & Alta Escala;88;88;4.2;$1.423.500 COP (100% SMMLV);$2.500.000 a $4.000.000 COP;$8M - $15M COP (Empresarial / Banca / Fintech);30/09/2026
55;OSC TOP SOLUTIONS GROUP COLOMBIA SAS - OSC TSG COLOMBIA;901247673;Bogota D.C.;Bogota D. C.;Rodrigo Jimenezz;practicante.th@osctopsolutionsgroup.com;313 2258593;Presencial / No especificado;2;6;3.0;Tier 2 · Sistemas Corporativos & Alta Escala;88;88;4.2;$1.423.500 COP (100% SMMLV);$2.500.000 a $4.000.000 COP;$8M - $15M COP (Empresarial / Banca / Fintech);31/08/2026
56;LAWYERS ASSOCIATED CORPORATION S A S - LACORP;900827959;Bogota D.C.;Bogota D. C.;SARAH BARON;talentohumano@lacorp.com.co;3174144352;Presencial / No especificado;1;3;3.0;Tier 2 · Sistemas Corporativos & Alta Escala;88;88;4.2;$1.423.500 COP (100% SMMLV);$2.500.000 a $4.000.000 COP;$8M - $15M COP (Empresarial / Banca / Fintech);31/08/2026
57;FEILO SYLVANIA COLOMBIA S.A.S;800127132;Bogota D.C.;Bogota D. C.;JHOANA MONSALVE;jhoana.monsalve@sylvania-lighting.com;3124509707;Presencial / No especificado;1;3;3.0;Tier 2 · Sistemas Corporativos & Alta Escala;88;88;4.2;$1.423.500 COP (100% SMMLV);$2.500.000 a $4.000.000 COP;$8M - $15M COP (Empresarial / Banca / Fintech);30/09/2026
58;PROFITLINE S.A.S;830139404;Bogota D.C.;Bogota D. C.;Angela Forero;aforero@profitline.co;3115113362;Presencial / No especificado;1;3;3.0;Tier 2 · Sistemas Corporativos & Alta Escala;88;88;4.2;$1.423.500 COP (100% SMMLV);$2.500.000 a $4.000.000 COP;$8M - $15M COP (Empresarial / Banca / Fintech);31/08/2026
59;LUM LOGISTIC SAS;901406407;Bogota D.C.;Bogota D. C.;Mafe Avila;maria.avila@lum.com.co;3105543074;Presencial / No especificado;3;12;4.0;Tier 2 · Sistemas Corporativos & Alta Escala;88;88;4.2;$1.423.500 COP (100% SMMLV);$2.500.000 a $4.000.000 COP;$8M - $15M COP (Empresarial / Banca / Fintech);31/08/2026
60;SOMO GLOBAL S.A.S.;901357213;Antioquia;Medellin;Paula Rodriguez;paula.rodriguez@ciandt.com;3107926240;Presencial / No especificado;1;4;4.0;Tier 2 · Sistemas Corporativos & Alta Escala;88;88;4.2;$1.423.500 COP (100% SMMLV);$2.500.000 a $4.000.000 COP;$8M - $15M COP (Empresarial / Banca / Fintech);15/09/2026
61;GEOCAM INGENIERIA SAS;900156867;Bogota D.C.;Bogota D. C.;EDGAR ENRIQUE LEMOS WILCHES;gestioncontable@geocamingenieria.com;3152819065;Presencial / No especificado;1;4;4.0;Tier 2 · Sistemas Corporativos & Alta Escala;88;88;4.2;$1.423.500 COP (100% SMMLV);$2.500.000 a $4.000.000 COP;$8M - $15M COP (Empresarial / Banca / Fintech);07/09/2026
62;HACIENDA EL PORTAL SAS;800145761;Antioquia;Medellin;JULIA GUTIERREZ;haciendahse@gmail.com;3156523447;Presencial / No especificado;1;4;4.0;Tier 2 · Sistemas Corporativos & Alta Escala;88;88;4.2;$1.423.500 COP (100% SMMLV);$2.500.000 a $4.000.000 COP;$8M - $15M COP (Empresarial / Banca / Fintech);31/08/2026
63;GESTIONES Y REPRESENTACIONES CHIA SAS - GR CHIA SAS;800119297;Cundinamarca;Chia;Paula Pinzon;paula.pinzon@ghtcorp.com;3138663562;Presencial / No especificado;1;4;4.0;Tier 2 · Sistemas Corporativos & Alta Escala;88;88;4.2;$1.423.500 COP (100% SMMLV);$2.500.000 a $4.000.000 COP;$8M - $15M COP (Empresarial / Banca / Fintech);19/09/2026
64;NALSANI S.A.S.;800020706;Bogota D.C.;Bogota D. C.;MARIA AREVALO;maria.arevalo@totto.com;3444660;Presencial / No especificado;3;5;1.67;Tier 2 · Sistemas Corporativos & Alta Escala;87;88;4.2;$1.423.500 COP (100% SMMLV);$2.500.000 a $4.000.000 COP;$8M - $15M COP (Empresarial / Banca / Fintech);30/09/2026
65;UNIVERSIDAD DE CIENCIAS APLICADAS Y AMBIENTALES UDCA;860403721;Cundinamarca;Chia;Paola Pastrana;dpastrana.r@udca.edu.co;301364892;Presencial / No especificado;4;7;1.75;Tier 2 · Sistemas Corporativos & Alta Escala;87;88;4.2;$1.423.500 COP (100% SMMLV);$2.500.000 a $4.000.000 COP;$8M - $15M COP (Empresarial / Banca / Fintech);30/11/2026
66;MANSAROVAR ENERGY COLOMBIA LTD;800249313;Boyaca;Puerto Boyaca;Andrea Alvarez;andrea_alvarez@mansarovar.com.co;4851212;Presencial / No especificado;1;2;2.0;Tier 2 · Sistemas Corporativos & Alta Escala;87;88;4.2;$1.423.500 COP (100% SMMLV);$2.500.000 a $4.000.000 COP;$8M - $15M COP (Empresarial / Banca / Fintech);30/09/2026
67;VC@SOFT S A S;830086348;Boyaca;Tunja;Valeria Oyone;voyone@mail.vc-soft.com;6219348;Presencial / No especificado;1;2;2.0;Tier 2 · Sistemas Corporativos & Alta Escala;87;88;4.2;$1.423.500 COP (100% SMMLV);$2.500.000 a $4.000.000 COP;$8M - $15M COP (Empresarial / Banca / Fintech);01/10/2026
68;VC@SOFT S A S;830086348;Nariño;Pasto;Valeria Oyone;voyone@mail.vc-soft.com;6219348;Presencial / No especificado;1;2;2.0;Tier 2 · Sistemas Corporativos & Alta Escala;87;88;4.2;$1.423.500 COP (100% SMMLV);$2.500.000 a $4.000.000 COP;$8M - $15M COP (Empresarial / Banca / Fintech);01/11/2026
69;GEOCOL CONSULTORES S.A.;800172871;Bogota D.C.;Bogota D. C.;OSLER MONROY;osler.monroy@geocol.com.co;2141666;Presencial / No especificado;1;3;3.0;Tier 2 · Sistemas Corporativos & Alta Escala;87;88;4.2;$1.423.500 COP (100% SMMLV);$2.500.000 a $4.000.000 COP;$8M - $15M COP (Empresarial / Banca / Fintech);04/09/2026
70;AGESO S.A.S. ASESORIAS EN GERENCIA Y SALUD OCUPACIONAL;807001777;Norte De Santander;Villa Del Rosario;VANESSA OSPINA;jefeadminsitrativo@ageso.co;5748874;Presencial / No especificado;1;3;3.0;Tier 2 · Sistemas Corporativos & Alta Escala;87;88;4.2;$1.423.500 COP (100% SMMLV);$2.500.000 a $4.000.000 COP;$8M - $15M COP (Empresarial / Banca / Fintech);29/08/2026
71;PARAMETA SAS;900851203;Bogota D.C.;Bogota D. C.;Johana Castillo;jcastillo@parameta.co;0;Presencial / No especificado;1;3;3.0;Tier 2 · Sistemas Corporativos & Alta Escala;87;88;4.2;$1.423.500 COP (100% SMMLV);$2.500.000 a $4.000.000 COP;$8M - $15M COP (Empresarial / Banca / Fintech);31/12/2026
72;VC@SOFT S A S;830086348;Bogota D.C.;Bogota D. C.;Valeria Oyone;voyone@mail.vc-soft.com;6219348;Presencial / No especificado;1;3;3.0;Tier 2 · Sistemas Corporativos & Alta Escala;87;88;4.2;$1.423.500 COP (100% SMMLV);$2.500.000 a $4.000.000 COP;$8M - $15M COP (Empresarial / Banca / Fintech);01/10/2026
73;QUIRONPREVENCION COLOMBIA S.A.S;900592369;Bogota D.C.;Bogota D. C.;Yolima Morales Riaño;seleccionqpcol@quironprevencion.com;3785995;Presencial / No especificado;1;3;3.0;Tier 2 · Sistemas Corporativos & Alta Escala;87;88;4.2;$1.423.500 COP (100% SMMLV);$2.500.000 a $4.000.000 COP;$8M - $15M COP (Empresarial / Banca / Fintech);12/09/2026
74;SAP COLOMBIA SAS-SAP SAS;900320612;Bogota D.C.;Bogota D. C.;Lorena Cardenas;lorena.cardenas@sap.com;571600-3000;Presencial / No especificado;5;20;4.0;Tier 2 · Sistemas Corporativos & Alta Escala;87;88;4.2;$1.423.500 COP (100% SMMLV);$2.500.000 a $4.000.000 COP;$8M - $15M COP (Empresarial / Banca / Fintech);30/12/2026
75;VC@SOFT S A S;830086348;Risaralda;Pereira;Valeria Oyone;voyone@mail.vc-soft.com;6219348;Presencial / No especificado;1;4;4.0;Tier 2 · Sistemas Corporativos & Alta Escala;87;88;4.2;$1.423.500 COP (100% SMMLV);$2.500.000 a $4.000.000 COP;$8M - $15M COP (Empresarial / Banca / Fintech);01/10/2026
76;VC@SOFT S A S;830086348;Cundinamarca;Girardot;Valeria Oyone;voyone@mail.vc-soft.com;6219348;Presencial / No especificado;1;4;4.0;Tier 2 · Sistemas Corporativos & Alta Escala;87;88;4.2;$1.423.500 COP (100% SMMLV);$2.500.000 a $4.000.000 COP;$8M - $15M COP (Empresarial / Banca / Fintech);01/11/2026
77;OUTSOURCING SERVICIOS INFORMÁTICOS S.A.S. BIC - OUTSOURCING S.A.S. BIC;800211401;Bogota D.C.;Bogota D. C.;claudia mendoza;claudiamendozar4@outsourcing.com.co;6000222;Presencial / No especificado;1;4;4.0;Tier 2 · Sistemas Corporativos & Alta Escala;87;88;4.2;$1.423.500 COP (100% SMMLV);$2.500.000 a $4.000.000 COP;$8M - $15M COP (Empresarial / Banca / Fintech);18/09/2026
78;AXITY COLOMBIA SOCIEDAD POR ACCIONES SIMPLIFICADA -AXITY COLOMBIA SAS;830055791;Bogota D.C.;Bogota D. C.;0;0;0;Presencial / No especificado;1;4;4.0;Tier 2 · Sistemas Corporativos & Alta Escala;86;88;4.2;$1.423.500 COP (100% SMMLV);$2.500.000 a $4.000.000 COP;$8M - $15M COP (Empresarial / Banca / Fintech);31/08/2026
79;ABAI COLOMBIA S.A.S.;901367214;Caldas;Manizales;YENSI VIVIANA MARTINEZ ROZO;yensi.martinez@abaigroup.com;3175164426;Presencial / No especificado;2;9;4.5;Tier 2 · Sistemas Corporativos & Alta Escala;86;88;4.2;$1.423.500 COP (100% SMMLV);$2.500.000 a $4.000.000 COP;$8M - $15M COP (Empresarial / Banca / Fintech);15/09/2026
80;FUNDACION EDUCATIVA DE INGLATERRA;860023814;Bogota D.C.;Bogota D. C.;Leidy Espinel;humresourcesintern@englishschool.edu.co;3150541394;Presencial / No especificado;3;14;4.67;Tier 2 · Sistemas Corporativos & Alta Escala;86;88;4.2;$1.423.500 COP (100% SMMLV);$2.500.000 a $4.000.000 COP;$8M - $15M COP (Empresarial / Banca / Fintech);30/09/2026
81;FUNDACIÓN UNIVERSITARIA NAVARRA-UNINAVARRA;900480042;Huila;Neiva;STEFFY DAYANA BONILLA;seleccion@uninavarra.edu.co;3154969908;Presencial / No especificado;1;5;5.0;Tier 2 · Sistemas Corporativos & Alta Escala;86;88;4.2;$1.423.500 COP (100% SMMLV);$2.500.000 a $4.000.000 COP;$8M - $15M COP (Empresarial / Banca / Fintech);30/08/2026
82;TABASCO OC, LLC. SUCURSAL COLOMBIA;900375325;Cundinamarca;Fusagasuga;YUDI ESCOBAR;y.escobar@tabascooc.com;3232396691;Presencial / No especificado;1;5;5.0;Tier 2 · Sistemas Corporativos & Alta Escala;86;88;4.2;$1.423.500 COP (100% SMMLV);$2.500.000 a $4.000.000 COP;$8M - $15M COP (Empresarial / Banca / Fintech);07/09/2026
83;OVALLE AVILA & COMPANIA S.A.S.;802002114;Cesar;Agustin Codazzi;juan ovalle;contabilidad.empresasbaq@gmail.com;3106305543;Presencial / No especificado;1;6;6.0;Tier 2 · Sistemas Corporativos & Alta Escala;86;88;4.2;$1.423.500 COP (100% SMMLV);$2.500.000 a $4.000.000 COP;$8M - $15M COP (Empresarial / Banca / Fintech);31/08/2026
84;ABAI COLOMBIA S.A.S.;901367214;Santander;Bucaramanga;YENSI VIVIANA MARTINEZ ROZO;yensi.martinez@abaigroup.com;3175164426;Presencial / No especificado;2;12;6.0;Tier 2 · Sistemas Corporativos & Alta Escala;86;88;4.2;$1.423.500 COP (100% SMMLV);$2.500.000 a $4.000.000 COP;$8M - $15M COP (Empresarial / Banca / Fintech);15/10/2026
85;EL FONDO DE EMPLEADOS DE LA CAJA COLOMBIANA DE SUBSIDIO FAMILIAR COLSUBSIDIO CUYA SIGLA SERA FEC;860534049;Bogota D.C.;Bogota D. C.;María Fernanda Madero;analista.rh@fecolsubsidio.com;315 967 2514;Presencial / No especificado;1;6;6.0;Tier 2 · Sistemas Corporativos & Alta Escala;86;88;4.2;$1.423.500 COP (100% SMMLV);$2.500.000 a $4.000.000 COP;$8M - $15M COP (Empresarial / Banca / Fintech);07/09/2026
86;TAMBOURINE COLOMBIA HOLDINGS SUCURSAL COLOMBIA;901511917;Bogota D.C.;Bogota D. C.;Oscar Lara;mariafernanda.mateus@tambourine.com;3113477642;Presencial / No especificado;1;6;6.0;Tier 2 · Sistemas Corporativos & Alta Escala;86;88;4.2;$1.423.500 COP (100% SMMLV);$2.500.000 a $4.000.000 COP;$8M - $15M COP (Empresarial / Banca / Fintech);11/09/2026
87;FINESA SERVICIOS S.A.S.;901525733;Valle;Cali;Leslie Corredor;hojasdevida@finesa.com.co;3154949171;Presencial / No especificado;2;12;6.0;Tier 2 · Sistemas Corporativos & Alta Escala;86;88;4.2;$1.423.500 COP (100% SMMLV);$2.500.000 a $4.000.000 COP;$8M - $15M COP (Empresarial / Banca / Fintech);01/09/2026
88;APREHSI GROUP S.A.S;900033859;Cesar;Valledupar;MARIA ORDOÑEZ;reclutamientoyseleccion@aprehsigroup.com;3015531886;Presencial / No especificado;1;7;7.0;Tier 2 · Sistemas Corporativos & Alta Escala;86;88;4.2;$1.423.500 COP (100% SMMLV);$2.500.000 a $4.000.000 COP;$8M - $15M COP (Empresarial / Banca / Fintech);29/09/2026
89;JOTA MUNDIAL S.A.S;901056749;Risaralda;Dos Quebrada;Natalia Gonzáles;talentohumano@jotamundial;3176848812;Presencial / No especificado;1;7;7.0;Tier 2 · Sistemas Corporativos & Alta Escala;86;88;4.2;$1.423.500 COP (100% SMMLV);$2.500.000 a $4.000.000 COP;$8M - $15M COP (Empresarial / Banca / Fintech);31/08/2026
90;FINCA URBANA PETS S.A.S;901250706;Antioquia;Medellin;Yolima;rh@fincaurbana.pet;3046267777;Presencial / No especificado;1;7;7.0;Tier 2 · Sistemas Corporativos & Alta Escala;86;88;4.2;$1.423.500 COP (100% SMMLV);$2.500.000 a $4.000.000 COP;$8M - $15M COP (Empresarial / Banca / Fintech);12/09/2026
91;RADAR S.A.S.;900413219;Bolivar;Cartagena;Aris Laura Lopez Taborda;aris.lopez@inducascos.com;3166884172;Presencial / No especificado;1;7;7.0;Tier 2 · Sistemas Corporativos & Alta Escala;86;88;4.2;$1.423.500 COP (100% SMMLV);$2.500.000 a $4.000.000 COP;$8M - $15M COP (Empresarial / Banca / Fintech);14/09/2026
92;WM WIRELESS & MOBILE SAS;800083486;Bogota D.C.;Bogota D. C.;Marisol Mora;mmora@wi-mobile.com;3164735513;Presencial / No especificado;2;14;7.0;Tier 2 · Sistemas Corporativos & Alta Escala;86;88;4.2;$1.423.500 COP (100% SMMLV);$2.500.000 a $4.000.000 COP;$8M - $15M COP (Empresarial / Banca / Fintech);31/08/2026
93;TRANSPORTADORA DE VALORES ATLAS LTDA;890322294;Cundinamarca;Soacha;ADRIANA SANTOS;asantosz@atlastransvalores.com.co;3227662519;Presencial / No especificado;1;7;7.0;Tier 2 · Sistemas Corporativos & Alta Escala;86;88;4.2;$1.423.500 COP (100% SMMLV);$2.500.000 a $4.000.000 COP;$8M - $15M COP (Empresarial / Banca / Fintech);09/09/2026
94;AHUMADOS TOTO S.A.S.;900177158;Antioquia;Medellin;3146541043;talentohumano@ahumadostoto.co;3146541043;Presencial / No especificado;2;15;7.5;Tier 2 · Sistemas Corporativos & Alta Escala;86;88;4.2;$1.423.500 COP (100% SMMLV);$2.500.000 a $4.000.000 COP;$8M - $15M COP (Empresarial / Banca / Fintech);30/09/2026
95;KEO COLOMBIA S.A.S.;901386833;Bogota D.C.;Bogota D. C.;LAURA CASTAÑEDA;laura.castaneda@k-lab.ai;3156001495;Presencial / No especificado;1;8;8.0;Tier 2 · Sistemas Corporativos & Alta Escala;86;88;4.2;$1.423.500 COP (100% SMMLV);$2.500.000 a $4.000.000 COP;$8M - $15M COP (Empresarial / Banca / Fintech);31/08/2026
96;MICRO TALENT S.A.S.;901414033;Antioquia;Medellin;Miguel González;mgonzalez@micro-talent.net;3223054708;Presencial / No especificado;1;8;8.0;Tier 2 · Sistemas Corporativos & Alta Escala;86;88;4.2;$1.423.500 COP (100% SMMLV);$2.500.000 a $4.000.000 COP;$8M - $15M COP (Empresarial / Banca / Fintech);13/09/2026
97;BANCO FALABELLA S A;900047981;Bogota D.C.;Bogota D. C.;ALEJANDRA;mrodriguezni@falabella.com.co;3223417216;Presencial / No especificado;3;27;9.0;Tier 2 · Sistemas Corporativos & Alta Escala;86;88;4.2;$1.423.500 COP (100% SMMLV);$2.500.000 a $4.000.000 COP;$8M - $15M COP (Empresarial / Banca / Fintech);30/09/2026
98;PUNTONET INSUPERABLE SAS;900868612;Huila;Neiva;OSCAR QUINTERO;recursoshumanos@puntonetinsuperablesas.com;3156689226;Presencial / No especificado;1;10;10.0;Tier 2 · Sistemas Corporativos & Alta Escala;86;88;4.2;$1.423.500 COP (100% SMMLV);$2.500.000 a $4.000.000 COP;$8M - $15M COP (Empresarial / Banca / Fintech);15/09/2026
99;AVIA MARKETING S.A.S.;830114005;Bogota D.C.;Bogota D. C.;Nicol Forero;nicol.forero@aviatur.com;3176569075;Presencial / No especificado;1;10;10.0;Tier 2 · Sistemas Corporativos & Alta Escala;86;88;4.2;$1.423.500 COP (100% SMMLV);$2.500.000 a $4.000.000 COP;$8M - $15M COP (Empresarial / Banca / Fintech);29/08/2026
100;CLOUDBLUE SERVICES SAS;901422713;Bogota D.C.;Bogota D. C.;EDNNA ARANDA;ednna.aranda@nespon.com;3214063656;Presencial / No especificado;1;11;11.0;Tier 2 · Sistemas Corporativos & Alta Escala;86;88;4.2;$1.423.500 COP (100% SMMLV);$2.500.000 a $4.000.000 COP;$8M - $15M COP (Empresarial / Banca / Fintech);31/08/2026
101;TRANSPORTES SUPERIOR S. A. S;800234281;Antioquia;Medellin;Sebastian Lozano Ortega;auxtalentohumano@transuperior.com;3135534223;Presencial / No especificado;1;12;12.0;Tier 2 · Sistemas Corporativos & Alta Escala;86;88;4.2;$1.423.500 COP (100% SMMLV);$2.500.000 a $4.000.000 COP;$8M - $15M COP (Empresarial / Banca / Fintech);15/09/2026
102;NUTRIUM S.A.S.;821000169;Antioquia;Medellin;Daniel Muñoz;pracghnut@nutrium.co;3004120011;Presencial / No especificado;1;13;13.0;Tier 2 · Sistemas Corporativos & Alta Escala;86;88;4.2;$1.423.500 COP (100% SMMLV);$2.500.000 a $4.000.000 COP;$8M - $15M COP (Empresarial / Banca / Fintech);12/09/2026
103;CAM COLOMBIA MULTISERVICIOS S.A.S - CAM MULTISERVICIOS;830058272;Bogota D.C.;Bogota D. C.;Laura Castro;laura.castrov@equans.com;3108016077;Presencial / No especificado;2;33;16.5;Tier 2 · Sistemas Corporativos & Alta Escala;86;88;4.2;$1.423.500 COP (100% SMMLV);$2.500.000 a $4.000.000 COP;$8M - $15M COP (Empresarial / Banca / Fintech);01/09/2026
104;LABORATORIOS OSA S.A.S;900330855;Valle;Cali;Johanna Isabel Huertas;seleccion.bienestar@laboratoriososa.com.co;3102423007;Presencial / No especificado;1;17;17.0;Tier 2 · Sistemas Corporativos & Alta Escala;86;88;4.2;$1.423.500 COP (100% SMMLV);$2.500.000 a $4.000.000 COP;$8M - $15M COP (Empresarial / Banca / Fintech);12/12/2026
105;S L RESEARCH COLOMBIA S.A.S.;830133183;Bogota D.C.;Bogota D. C.;TATI HERRERA;gestionhumana@slig.co;3183351994;Presencial;1;20;20.0;Tier 2 · Sistemas Corporativos & Alta Escala;86;88;4.2;$1.423.500 COP (100% SMMLV);$2.500.000 a $4.000.000 COP;$8M - $15M COP (Empresarial / Banca / Fintech);28/08/2026
106;RUITOQUE S.A. E.S.P.;804001062;Santander;Bucaramanga;3123001613;mbarreto@ruitoqueenergia.com;3123001613;Presencial / No especificado;1;20;20.0;Tier 2 · Sistemas Corporativos & Alta Escala;86;88;4.2;$1.423.500 COP (100% SMMLV);$2.500.000 a $4.000.000 COP;$8M - $15M COP (Empresarial / Banca / Fintech);30/08/2026
107;ONNET FIBRA COLOMBIA SAS;901537409;Bogota D.C.;Bogota D. C.;Jeniffer Rodriguez;jeniffer.rodriguez@onnetfibra.co;3153041794;Presencial / No especificado;1;23;23.0;Tier 2 · Sistemas Corporativos & Alta Escala;86;88;4.2;$1.423.500 COP (100% SMMLV);$2.500.000 a $4.000.000 COP;$8M - $15M COP (Empresarial / Banca / Fintech);26/08/2026
108;ALTO COLOMBIA SAS;900250454;Bogota D.C.;Bogota D. C.;ISABEL MANRIQUE;eacuna@altocolombia.com.co;320 2456626;Presencial / No especificado;1;30;30.0;Tier 2 · Sistemas Corporativos & Alta Escala;86;88;4.2;$1.423.500 COP (100% SMMLV);$2.500.000 a $4.000.000 COP;$8M - $15M COP (Empresarial / Banca / Fintech);26/08/2026
109;AUTOMATION ANYWHERE COLOMBIA SAS;901897686;Bogota D.C.;Bogota D. C.;Ana Ripe;ana.ripe@automationanywhere.com;3132560584;Presencial / No especificado;1;33;33.0;Tier 2 · Sistemas Corporativos & Alta Escala;86;88;4.2;$1.423.500 COP (100% SMMLV);$2.500.000 a $4.000.000 COP;$8M - $15M COP (Empresarial / Banca / Fintech);31/08/2026
110;GLOBAL CONNECT SOLUTIONS SAS;901738829;Santander;Bucaramanga;Yesika Alejandra Leon Fontecha;hr@gcshelps.com;3115286728;Presencial / No especificado;1;36;36.0;Tier 2 · Sistemas Corporativos & Alta Escala;86;88;4.2;$1.423.500 COP (100% SMMLV);$2.500.000 a $4.000.000 COP;$8M - $15M COP (Empresarial / Banca / Fintech);31/08/2026
111;AIR - E S.A.S. E.S.P.;901380930;Atlantico;Barranquilla;Luisa Fernanda Gomez;luisa.gomez@gmail.com;3212203121;Presencial / No especificado;1;45;45.0;Tier 2 · Sistemas Corporativos & Alta Escala;86;88;4.2;$1.423.500 COP (100% SMMLV);$2.500.000 a $4.000.000 COP;$8M - $15M COP (Empresarial / Banca / Fintech);31/08/2026
112;GREEN SQA S.A.S.;900074458;Valle;Cali;SEBASTIAN SALAMANCA;ssalamanca@greensqa.com;318 8107609;Presencial / No especificado;3;6;2.0;Tier 2 · Sistemas Corporativos & Alta Escala;85;88;4.2;$1.423.500 COP (100% SMMLV);$2.500.000 a $4.000.000 COP;$8M - $15M COP (Empresarial / Banca / Fintech);01/09/2026
113;GESTION DE SEGURIDAD ELECTRONICA S.A - GSE SA;900204272;Boyaca;Tunja;Karen Rodriguez;karenj.rodriguez@gse.com.co;3102067037;Presencial / No especificado;10;28;2.8;Tier 2 · Sistemas Corporativos & Alta Escala;85;88;4.2;$1.423.500 COP (100% SMMLV);$2.500.000 a $4.000.000 COP;$8M - $15M COP (Empresarial / Banca / Fintech);30/09/2026
114;SOCIEDAD DE SERVICIOS OCULARES S.A.S;800119574;Boyaca;Tunja;Nayeli Torres;gestionhumana@optisalud.com;3138075680;Presencial / No especificado;1;3;3.0;Tier 2 · Sistemas Corporativos & Alta Escala;85;88;4.2;$1.423.500 COP (100% SMMLV);$2.500.000 a $4.000.000 COP;$8M - $15M COP (Empresarial / Banca / Fintech);04/09/2026
115;TECMOVIL GROUP S.A.S;901198879;Huila;Neiva;VANESSA CRUZ;tecmovilgestionhumana@gmail.com;3143021420;Presencial / No especificado;1;4;4.0;Tier 2 · Sistemas Corporativos & Alta Escala;85;88;4.2;$1.423.500 COP (100% SMMLV);$2.500.000 a $4.000.000 COP;$8M - $15M COP (Empresarial / Banca / Fintech);28/08/2026
116;AGESO S.A.S. ASESORIAS EN GERENCIA Y SALUD OCUPACIONAL;807001777;Norte De Santander;Cucuta;VANESSA OSPINA;jefeadministrativo@ageso.co;5748874;Presencial / No especificado;1;5;5.0;Tier 2 · Sistemas Corporativos & Alta Escala;85;88;4.2;$1.423.500 COP (100% SMMLV);$2.500.000 a $4.000.000 COP;$8M - $15M COP (Empresarial / Banca / Fintech);29/08/2026
117;VC@SOFT S A S;830086348;Caldas;Manizales;Valeria Oyone;voyone@mail.vc-soft.com;6219348;Presencial / No especificado;1;5;5.0;Tier 2 · Sistemas Corporativos & Alta Escala;85;88;4.2;$1.423.500 COP (100% SMMLV);$2.500.000 a $4.000.000 COP;$8M - $15M COP (Empresarial / Banca / Fintech);01/10/2026
118;FUNDACION UNIVERSIDAD EXTERNADO DE COLOMBIA;860014918;Bogota D.C.;Bogota D. C.;Nathalia Mendoza;auxiliardesarrollo2@uexternado.edu.co;2826066;Presencial / No especificado;2;11;5.5;Tier 2 · Sistemas Corporativos & Alta Escala;85;88;4.2;$1.423.500 COP (100% SMMLV);$2.500.000 a $4.000.000 COP;$8M - $15M COP (Empresarial / Banca / Fintech);04/09/2026
119;CALL PROCESSING TECHNOLOGIES S A - CALLTECH S A;830045792;Bogota D.C.;Bogota D. C.;JOHANNA PARDO;recursoshumanos@calltechsa.com;3208658226;Remoto;1;6;6.0;Tier 2 · Sistemas Corporativos & Alta Escala;85;88;4.2;$1.423.500 COP (100% SMMLV);$2.500.000 a $4.000.000 COP;$8M - $15M COP (Empresarial / Banca / Fintech);31/08/2026
120;MAKITA COLOMBIA S.A.;900223935;Cundinamarca;Mosquera;lesly forero;lesly.forero@makita.com.co;6017429245;Presencial / No especificado;1;6;6.0;Tier 2 · Sistemas Corporativos & Alta Escala;85;88;4.2;$1.423.500 COP (100% SMMLV);$2.500.000 a $4.000.000 COP;$8M - $15M COP (Empresarial / Banca / Fintech);31/08/2026
121;VC@SOFT S A S;830086348;Cundinamarca;Soacha;Valeria Oyone;voyone@mail.vc-soft.com;6219348;Presencial / No especificado;1;6;6.0;Tier 2 · Sistemas Corporativos & Alta Escala;85;88;4.2;$1.423.500 COP (100% SMMLV);$2.500.000 a $4.000.000 COP;$8M - $15M COP (Empresarial / Banca / Fintech);01/11/2026
122;LEAL COLOMBIA S A S;900931706;Bogota D.C.;Bogota D. C.;Nicolas Rozo;nfrozo@leal.co;300989000;Presencial / No especificado;1;6;6.0;Tier 2 · Sistemas Corporativos & Alta Escala;85;88;4.2;$1.423.500 COP (100% SMMLV);$2.500.000 a $4.000.000 COP;$8M - $15M COP (Empresarial / Banca / Fintech);29/08/2026
123;CINTE COLOMBIA SAS;900507611;Bogota D.C.;Bogota D. C.;MONICA BOLIVAR;mbolivar@grupocinte.com;000;Presencial / No especificado;2;13;6.5;Tier 2 · Sistemas Corporativos & Alta Escala;85;88;4.2;$1.423.500 COP (100% SMMLV);$2.500.000 a $4.000.000 COP;$8M - $15M COP (Empresarial / Banca / Fintech);14/09/2026
124;VC@SOFT S A S;830086348;Valle;Cali;Valeria Oyone;voyone@mail.vc-soft.com;6219348;Presencial / No especificado;1;7;7.0;Tier 2 · Sistemas Corporativos & Alta Escala;85;88;4.2;$1.423.500 COP (100% SMMLV);$2.500.000 a $4.000.000 COP;$8M - $15M COP (Empresarial / Banca / Fintech);01/10/2026
125;VC@SOFT S A S;830086348;Santander;Bucaramanga;Valeria Oyone;voyone@mail.vc-soft.com;6219348;Presencial / No especificado;1;7;7.0;Tier 2 · Sistemas Corporativos & Alta Escala;85;88;4.2;$1.423.500 COP (100% SMMLV);$2.500.000 a $4.000.000 COP;$8M - $15M COP (Empresarial / Banca / Fintech);01/11/2026
126;FONDO NACIONAL ECONOMICO DEL PARTIDO CONSERVADOR COLOMBIANO;860040485;Bogota D.C.;Bogota D. C.;1;talentohumano@partidoconservador.org;6016662070;Presencial / No especificado;3;23;7.67;Tier 2 · Sistemas Corporativos & Alta Escala;85;88;4.2;$1.423.500 COP (100% SMMLV);$2.500.000 a $4.000.000 COP;$8M - $15M COP (Empresarial / Banca / Fintech);31/08/2026
127;TKARGA S.A.S.;830128459;Cundinamarca;Tocancipa;Angie Lopez;contratacion.grupotk@tkarga.com;8596995;Presencial / No especificado;1;8;8.0;Tier 2 · Sistemas Corporativos & Alta Escala;85;88;4.2;$1.423.500 COP (100% SMMLV);$2.500.000 a $4.000.000 COP;$8M - $15M COP (Empresarial / Banca / Fintech);31/01/2027
128;VC@SOFT S A S;830086348;Tolima;Ibague;Valeria Oyone;voyone@mail.vc-soft.com;6219348;Presencial / No especificado;1;8;8.0;Tier 2 · Sistemas Corporativos & Alta Escala;85;88;4.2;$1.423.500 COP (100% SMMLV);$2.500.000 a $4.000.000 COP;$8M - $15M COP (Empresarial / Banca / Fintech);01/10/2026
129;EMPRESA COLOMBIANA DE PRODUCTOS VETERINARIOS S.A. - VECOL S.A.;899999002;Bogota D.C.;Bogota D. C.;Alisson Daniela Perez;vecol@vecol.com.co;6014254800;Presencial / No especificado;2;17;8.5;Tier 2 · Sistemas Corporativos & Alta Escala;85;88;4.2;$1.423.500 COP (100% SMMLV);$2.500.000 a $4.000.000 COP;$8M - $15M COP (Empresarial / Banca / Fintech);31/08/2026
130;EMPRESA DE TRANSPORTE INTEGRADO DE BOGOTA SAS;900365651;Bogota D.C.;Bogota D. C.;Adriana Santamaria;psicologo1@etib.com.co;5082121;Presencial / No especificado;3;30;10.0;Tier 2 · Sistemas Corporativos & Alta Escala;85;88;4.2;$1.423.500 COP (100% SMMLV);$2.500.000 a $4.000.000 COP;$8M - $15M COP (Empresarial / Banca / Fintech);31/08/2026
131;VC@SOFT S A S;830086348;Norte De Santander;Cucuta;Valeria Oyone;voyone@mail.vc-soft.com;6219348;Presencial / No especificado;1;10;10.0;Tier 2 · Sistemas Corporativos & Alta Escala;85;88;4.2;$1.423.500 COP (100% SMMLV);$2.500.000 a $4.000.000 COP;$8M - $15M COP (Empresarial / Banca / Fintech);01/11/2026
132;VC@SOFT S A S;830086348;Antioquia;Medellin;Valeria Oyone;voyone@mail.vc-soft.com;6219348;Presencial / No especificado;1;15;15.0;Tier 2 · Sistemas Corporativos & Alta Escala;85;88;4.2;$1.423.500 COP (100% SMMLV);$2.500.000 a $4.000.000 COP;$8M - $15M COP (Empresarial / Banca / Fintech);01/10/2026
133;VC@SOFT S A S;830086348;Quindio;Armenia;Valeria Oyone;voyone@mail.vc-soft.com;6219348;Presencial / No especificado;1;21;21.0;Tier 2 · Sistemas Corporativos & Alta Escala;85;88;4.2;$1.423.500 COP (100% SMMLV);$2.500.000 a $4.000.000 COP;$8M - $15M COP (Empresarial / Banca / Fintech);01/10/2026
134;E2 ENERGIA EFICIENTE S.A. E.S.P.;802025052;Atlantico;Barranquilla;Johana Bonett;omejia@e2energiaeficiente.com;6054010968;Presencial / No especificado;1;23;23.0;Tier 2 · Sistemas Corporativos & Alta Escala;85;88;4.2;$1.423.500 COP (100% SMMLV);$2.500.000 a $4.000.000 COP;$8M - $15M COP (Empresarial / Banca / Fintech);01/10/2026
135;INTEXUS S.A.S;830032436;Bogota D.C.;Bogota D. C.;SEBASTIAN ZAMBRANO;jzambrano@intexus.la;3790324;Presencial / No especificado;1;65;65.0;Tier 2 · Sistemas Corporativos & Alta Escala;85;88;4.2;$1.423.500 COP (100% SMMLV);$2.500.000 a $4.000.000 COP;$8M - $15M COP (Empresarial / Banca / Fintech);31/08/2026
136;TRAVEL CLUB SAS - BCD TRAVEL;800078692;Bogota D.C.;Bogota D. C.;ANGELICA VARGAS;angelica.vargas@bcdtravel.com;7956000;Presencial / No especificado;6;7;1.17;Tier 2 · Sistemas Corporativos & Alta Escala;84;88;4.2;$1.423.500 COP (100% SMMLV);$2.500.000 a $4.000.000 COP;$8M - $15M COP (Empresarial / Banca / Fintech);30/09/2026
137;CENTROAGUAS S.A. E.S.P.;821002115;Valle;Tulua;JUAN CARLOS VÉLEZ FORERO;gestionhumana@centroaguas.com;2317300;Presencial / No especificado;1;2;2.0;Tier 2 · Sistemas Corporativos & Alta Escala;84;88;4.2;$1.423.500 COP (100% SMMLV);$2.500.000 a $4.000.000 COP;$8M - $15M COP (Empresarial / Banca / Fintech);02/10/2026
138;FINLECO B P O S.A.S.;900342562;Bogota D.C.;Bogota D. C.;KATERINE ABELLA;gestionhumana@finlecobpo.com;3134911596;Presencial / No especificado;1;5;5.0;Tier 2 · Sistemas Corporativos & Alta Escala;83;88;4.2;$1.423.500 COP (100% SMMLV);$2.500.000 a $4.000.000 COP;$8M - $15M COP (Empresarial / Banca / Fintech);30/09/2026
139;PUNTO RED TELECOMUNICACIONES S.A.S;900637681;Meta;Granada;3144633964;julietasalgado@hotmail.es;3144633964;Presencial / No especificado;1;5;5.0;Tier 2 · Sistemas Corporativos & Alta Escala;83;88;4.2;$1.423.500 COP (100% SMMLV);$2.500.000 a $4.000.000 COP;$8M - $15M COP (Empresarial / Banca / Fintech);30/09/2026
140;CENTRAL DE INVERSIONES S.A. - CISA;860042945;Bogota D.C.;Bogota D. C.;Jhon Prieto;jjprieto@cisa.gov.co;3143062998;Presencial / No especificado;1;5;5.0;Tier 2 · Sistemas Corporativos & Alta Escala;83;88;4.2;$1.423.500 COP (100% SMMLV);$2.500.000 a $4.000.000 COP;$8M - $15M COP (Empresarial / Banca / Fintech);30/08/2026
141;IMAGINE CX SAS;900873108;Bogota D.C.;Bogota D. C.;ALEXANDRA BRITO;admin@imaginecx.co;3163796015;Presencial / No especificado;1;6;6.0;Tier 2 · Sistemas Corporativos & Alta Escala;83;88;4.2;$1.423.500 COP (100% SMMLV);$2.500.000 a $4.000.000 COP;$8M - $15M COP (Empresarial / Banca / Fintech);30/09/2026
142;PROCESADOS MARGARITA SAS;900509538;Bogota D.C.;Bogota D. C.;karol natalia toledo pulido;asuntossgsst@gmail.com;3058720856;Presencial / No especificado;1;6;6.0;Tier 2 · Sistemas Corporativos & Alta Escala;83;88;4.2;$1.423.500 COP (100% SMMLV);$2.500.000 a $4.000.000 COP;$8M - $15M COP (Empresarial / Banca / Fintech);01/10/2026
143;SUPPORTICAL SAS;900146314;Bogota D.C.;Bogota D. C.;Tatiana Cortes;tatiana.cortes@supportical.com;3214119055;Presencial / No especificado;2;13;6.5;Tier 2 · Sistemas Corporativos & Alta Escala;83;88;4.2;$1.423.500 COP (100% SMMLV);$2.500.000 a $4.000.000 COP;$8M - $15M COP (Empresarial / Banca / Fintech);15/09/2026
144;INVERSIONES ELDORADO S.A.S.;891856457;Boyaca;Duitama;GLADYS A CRISTANCHO SAAVEDRA;aux.recursoseldorado@gmail.com;316 0191201;Presencial / No especificado;2;14;7.0;Tier 2 · Sistemas Corporativos & Alta Escala;83;88;4.2;$1.423.500 COP (100% SMMLV);$2.500.000 a $4.000.000 COP;$8M - $15M COP (Empresarial / Banca / Fintech);31/08/2026
145;ARBITRIUM S.A.S.;900749675;Huila;Neiva;KATHERINE CANO;info@arbitrium.com.co;3214662545;Presencial / No especificado;1;8;8.0;Tier 2 · Sistemas Corporativos & Alta Escala;83;88;4.2;$1.423.500 COP (100% SMMLV);$2.500.000 a $4.000.000 COP;$8M - $15M COP (Empresarial / Banca / Fintech);31/08/2026
146;NOVATEC SOLUTIONS S.A.S;900201138;Bogota D.C.;Bogota D. C.;Karen Valverde;reclutamiento3@novatec.com.co;3114704413;Presencial / No especificado;1;9;9.0;Tier 2 · Sistemas Corporativos & Alta Escala;83;88;4.2;$1.423.500 COP (100% SMMLV);$2.500.000 a $4.000.000 COP;$8M - $15M COP (Empresarial / Banca / Fintech);30/09/2026
147;SMARTINFO SAS;830078450;Bolivar;Cartagena;Yalith Velasco Araque;talentohumanosmartinfo@gmail.com;3174344783;Presencial / No especificado;1;10;10.0;Tier 2 · Sistemas Corporativos & Alta Escala;83;88;4.2;$1.423.500 COP (100% SMMLV);$2.500.000 a $4.000.000 COP;$8M - $15M COP (Empresarial / Banca / Fintech);28/08/2026
148;LABORATORIOS AUROFARMA S.A.;800007355;Cundinamarca;Mosquera;Leidy Rodriguez;leidyrodriguez@aurofarma.com;310 2618275;Presencial / No especificado;1;12;12.0;Tier 2 · Sistemas Corporativos & Alta Escala;83;88;4.2;$1.423.500 COP (100% SMMLV);$2.500.000 a $4.000.000 COP;$8M - $15M COP (Empresarial / Banca / Fintech);29/08/2026
149;THE HALO TRUST;900336664;Bogota D.C.;Bogota D. C.;MARIA JIMENEZ;maria.jimenez@halocolombia.org;311 4919555;Presencial / No especificado;1;12;12.0;Tier 2 · Sistemas Corporativos & Alta Escala;83;88;4.2;$1.423.500 COP (100% SMMLV);$2.500.000 a $4.000.000 COP;$8M - $15M COP (Empresarial / Banca / Fintech);18/09/2026
150;A&CI IT SAS;901155365;Bogota D.C.;Bogota D. C.;Nathali Duarte;gestion.humana@grupo-aci.net;3115790479;Presencial / No especificado;1;16;16.0;Tier 2 · Sistemas Corporativos & Alta Escala;83;88;4.2;$1.423.500 COP (100% SMMLV);$2.500.000 a $4.000.000 COP;$8M - $15M COP (Empresarial / Banca / Fintech);31/08/2026
151;SOPORTE LOGICO SAS;800187672;Bogota D.C.;Bogota D. C.;CATHERINE OSORIO;talento.humano@soportelogico.com.co;3228892741;Presencial / No especificado;1;19;19.0;Tier 2 · Sistemas Corporativos & Alta Escala;83;88;4.2;$1.423.500 COP (100% SMMLV);$2.500.000 a $4.000.000 COP;$8M - $15M COP (Empresarial / Banca / Fintech);30/09/2026
152;PAYCO, PAGA Y COBRA ONLINE S.A.S;900471052;Antioquia;Medellin;Carolina Zapata;carolina.zapata@epayco.com;3173078147;Presencial / No especificado;1;25;25.0;Tier 2 · Sistemas Corporativos & Alta Escala;83;88;4.2;$1.423.500 COP (100% SMMLV);$2.500.000 a $4.000.000 COP;$8M - $15M COP (Empresarial / Banca / Fintech);31/10/2026
153;SKYDROPX S.A.S;901508804;Bogota D.C.;Bogota D. C.;Laura Lopez;laura.lopez@skydropx.com;3115289596;Presencial / No especificado;2;52;26.0;Tier 2 · Sistemas Corporativos & Alta Escala;83;88;4.2;$1.423.500 COP (100% SMMLV);$2.500.000 a $4.000.000 COP;$8M - $15M COP (Empresarial / Banca / Fintech);30/11/2026
154;PROBIENESTAR S.A.S;900521392;Atlantico;Barranquilla;3012986890;contabilidad@probienestar.com.co;3185818;Presencial / No especificado;1;7;7.0;Tier 2 · Sistemas Corporativos & Alta Escala;82;88;4.2;$1.423.500 COP (100% SMMLV);$2.500.000 a $4.000.000 COP;$8M - $15M COP (Empresarial / Banca / Fintech);30/09/2026
155;ELITE LOGISTICA Y RENDIMIENTO SAS;900150640;Bogota D.C.;Bogota D. C.;Karen Castiblanco;3154764627;3154764627;Presencial / No especificado;1;7;7.0;Tier 2 · Sistemas Corporativos & Alta Escala;82;88;4.2;$1.423.500 COP (100% SMMLV);$2.500.000 a $4.000.000 COP;$8M - $15M COP (Empresarial / Banca / Fintech);31/12/2026
156;LOGISTIC SERVICES LATINOAMERICA SAS;900213368;Bogota D.C.;Bogota D. C.;Karen Castiblanco;3154764627;3154764627;Presencial / No especificado;1;18;18.0;Tier 2 · Sistemas Corporativos & Alta Escala;82;88;4.2;$1.423.500 COP (100% SMMLV);$2.500.000 a $4.000.000 COP;$8M - $15M COP (Empresarial / Banca / Fintech);31/12/2026
157;ECOPETROL S A;899999068;Bogota D.C.;Bogota D. C.;David Parra;germanda.parra@ecopetrol.com.co;-----;Presencial / No especificado;3;83;27.67;Tier 2 · Sistemas Corporativos & Alta Escala;82;88;4.2;$1.423.500 COP (100% SMMLV);$2.500.000 a $4.000.000 COP;$8M - $15M COP (Empresarial / Banca / Fintech);28/08/2026
158;RETPLAS SAS;901877836;Antioquia;Caldas;claudia patricia gonzalez l;gerencia.admin@retplas.com;3106634316;Presencial / No especificado;1;1;1.0;Tier 3 · Soporte Especializado & Datos;78;74;3.9;$1.423.500 COP (100% SMMLV);$2.000.000 a $3.000.000 COP;$5.5M - $9.0M COP;30/09/2026
159;AGROLOGISTICA ESPECIALIZADA S.A.S - ALEH S.A.S;900445499;Bogota D.C.;Bogota D. C.;Marcela Díaz Quiroga;marcela.diaz@agrologistica.com.co;3115328555;Presencial / No especificado;1;2;2.0;Tier 3 · Soporte Especializado & Datos;78;74;3.9;$1.423.500 COP (100% SMMLV);$2.000.000 a $3.000.000 COP;$5.5M - $9.0M COP;15/09/2026
160;OLEAGINOSAS SAN MARCOS S A;860404924;Guaviare;San Jose Del Guaviare;Ingrid Jaramillo;asistente1admon.osm@gmail.com;3173688994;Presencial / No especificado;5;0;0.0;Tier 3 · Soporte Especializado & Datos;77;74;3.9;$1.423.500 COP (100% SMMLV);$2.000.000 a $3.000.000 COP;$5.5M - $9.0M COP;31/08/2026
161;CLUB CAMPESTRE DE CALI;890308040;Valle;Cali;JESICA OCAMPO;practicantebienestar@campestrecali.com;3336000;Presencial / No especificado;1;4;4.0;Tier 3 · Soporte Especializado & Datos;77;74;3.9;$1.423.500 COP (100% SMMLV);$2.000.000 a $3.000.000 COP;$5.5M - $9.0M COP;26/09/2026
162;GRUPO ESPECIALIZADO EN SEGURIDAD PRIVADA OSZFORD LTDA- G.E.S.P. OSZFORD LTDA;900815535;Valle;Cali;MARIA ALEJANDRA ANAMA;seleccion@seguridadoszford.co;3218824277;Presencial / No especificado;1;39;39.0;Tier 3 · Soporte Especializado & Datos;76;74;3.9;$1.423.500 COP (100% SMMLV);$2.000.000 a $3.000.000 COP;$5.5M - $9.0M COP;31/08/2026
163;CULTIVOS LA PLANICIE SAS;901089241;Cundinamarca;Zipaquira;Lida Cano;lida.cano@cultivoslaplanicie.com;3208345082;Presencial / No especificado;5;5;1.0;Tier 3 · Soporte Especializado & Datos;75;74;3.9;$1.423.500 COP (100% SMMLV);$2.000.000 a $3.000.000 COP;$5.5M - $9.0M COP;30/11/2026
164;BROWNSTONE CAPITAL SAS;901269699;Antioquia;Rionegro;LAURA CORREA;lcorrea@hro.com.co;3126240076;Presencial / No especificado;2;2;1.0;Tier 3 · Soporte Especializado & Datos;75;74;3.9;$1.423.500 COP (100% SMMLV);$2.000.000 a $3.000.000 COP;$5.5M - $9.0M COP;31/10/2026
165;EVAL.COM CONSULTING S.A.S;901233425;Bogota D.C.;Bogota D. C.;3145741888;claudia.ramos@evalconsulting.com.co;3145741888;Presencial / No especificado;1;2;2.0;Tier 3 · Soporte Especializado & Datos;75;74;3.9;$1.423.500 COP (100% SMMLV);$2.000.000 a $3.000.000 COP;$5.5M - $9.0M COP;15/09/2026
166;FUNDACION JUAN FELIPE GOMEZ ESCOBAR;806009227;Bolivar;Cartagena;DORAIDIS TAPIA SIERRA;auxiliargestionhumana@juanfe.org;3114167787;Presencial / No especificado;1;3;3.0;Tier 3 · Soporte Especializado & Datos;75;74;3.9;$1.423.500 COP (100% SMMLV);$2.000.000 a $3.000.000 COP;$5.5M - $9.0M COP;31/08/2026
167;NEWSAT S.A.S;830513366;Bogota D.C.;Bogota D. C.;ARTURO MOLINA;analistath@newsatint.com;3203032528;Presencial / No especificado;3;12;4.0;Tier 3 · Soporte Especializado & Datos;75;74;3.9;$1.423.500 COP (100% SMMLV);$2.000.000 a $3.000.000 COP;$5.5M - $9.0M COP;31/08/2026
168;INTERSATELITE DEL VALLE S.A.S;901300886;Valle;Tulua;Ana Solis;distritocalisurth@gmail.com;3136494242;Presencial / No especificado;2;14;7.0;Tier 3 · Soporte Especializado & Datos;73;74;3.9;$1.423.500 COP (100% SMMLV);$2.000.000 a $3.000.000 COP;$5.5M - $9.0M COP;31/08/2026
169;IPS PUNTO VITAL S.A.S.;900656493;Sucre;Sincelejo;ESTEFFANY JIMENEZ HERNANDEZ;talentohumanopuntov@gmail.com;3042307951;Presencial / No especificado;1;8;8.0;Tier 3 · Soporte Especializado & Datos;73;74;3.9;$1.423.500 COP (100% SMMLV);$2.000.000 a $3.000.000 COP;$5.5M - $9.0M COP;31/08/2026
170;EVAL.COM CONSULTING S.A.S;901233425;Meta;Villavicencio;3145741888;claudia.ramos@evalconsulting.com.co;3145741888;Presencial / No especificado;1;8;8.0;Tier 3 · Soporte Especializado & Datos;73;74;3.9;$1.423.500 COP (100% SMMLV);$2.000.000 a $3.000.000 COP;$5.5M - $9.0M COP;15/09/2026
171;LITIGAR PUNTO COM SAS -LITIGANDO.COM , LITIGANDO.COM S.A.S , LITIGANDO PUNTO COM S.A.S;830070346;Bogota D.C.;Bogota D. C.;HEIDY LORENA HERNANDEZ VALERO;gestionhumana@litigando.com;0000000;Presencial / No especificado;4;34;8.5;Tier 3 · Soporte Especializado & Datos;72;74;3.9;$1.423.500 COP (100% SMMLV);$2.000.000 a $3.000.000 COP;$5.5M - $9.0M COP;31/08/2026
172;COMERCIALIZADORA DE SERVICIOS DE SUCRE S.A.S.;900684900;Sucre;Sincelejo;ANDREA PAOLA VILORIA MENDOZA;analistagestionhumana@supergirossucre.co;2716060;Presencial / No especificado;1;0;0.0;Tier 5 · No Prioritaria (Riesgo Operativo / No TI);51;40;3.2;$1.423.500 COP (100% SMMLV);$1.423.500 a $1.800.000 COP (SMMLV);$2.5M - $4.0M COP;30/08/2026
173;COMERCIALIZADORA BOHORQUEZ DISTRIBUCIONES S.A.S.;900690702;Boyaca;Tunja;YILMA MILENA VARGAS;talentohumano@cbohorquezd.com;3213344239;Presencial / No especificado;50;84;1.68;Tier 5 · No Prioritaria (Riesgo Operativo / No TI);50;40;3.2;$1.423.500 COP (100% SMMLV);$1.423.500 a $1.800.000 COP (SMMLV);$2.5M - $4.0M COP;30/08/2026
174;PORKILANDIA S.A.S;900606687;Nariño;Pasto;DALY CADENA;rhporkilandias.a.s@gmail.com;3155822270;Presencial / No especificado;1;2;2.0;Tier 5 · No Prioritaria (Riesgo Operativo / No TI);50;40;3.2;$1.423.500 COP (100% SMMLV);$1.423.500 a $1.800.000 COP (SMMLV);$2.5M - $4.0M COP;31/08/2026
175;CREARTE BY CONFECCIONARTE S.A.S;901367620;Antioquia;Medellin;VALENTINA RODRIGUEZ;crearte.sst@gmail.com;3122714126;Presencial / No especificado;1;3;3.0;Tier 5 · No Prioritaria (Riesgo Operativo / No TI);50;40;3.2;$1.423.500 COP (100% SMMLV);$1.423.500 a $1.800.000 COP (SMMLV);$2.5M - $4.0M COP;30/11/2026
176;GRUPO FRC SAS;901037562;Cundinamarca;Girardot;MARISELA NIETO;gestionhumana@algrano.com;3112953796;Presencial / No especificado;3;0;0.0;Tier 5 · No Prioritaria (Riesgo Operativo / No TI);49;40;3.2;$1.423.500 COP (100% SMMLV);$1.423.500 a $1.800.000 COP (SMMLV);$2.5M - $4.0M COP;30/09/2026
177;SERVICIOS DE DISTRIBUCION ALMACENAMIENTO Y LOGISTICA S.A.;900217784;Santander;Puente Nacional;Lorena Higuera;coordinadoraghcentral@sedialgroup.com.co;3164820228;Presencial / No especificado;1;0;0.0;Tier 5 · No Prioritaria (Riesgo Operativo / No TI);49;40;3.2;$1.423.500 COP (100% SMMLV);$1.423.500 a $1.800.000 COP (SMMLV);$2.5M - $4.0M COP;31/08/2026
178;COMERCIALIZADORA ARTURO CALLE SAS - ARCA GRUPO EMPRESARIAL;900342297;Bogota D.C.;Bogota D. C.;Natalia Toloza;atalento@arturocalle.com;3187118757;Presencial / No especificado;6;46;7.67;Tier 5 · No Prioritaria (Riesgo Operativo / No TI);48;40;3.2;$1.423.500 COP (100% SMMLV);$1.423.500 a $1.800.000 COP (SMMLV);$2.5M - $4.0M COP;15/09/2026
179;DROGUERIAS COPIFAM DE COLOMBIA S.A.S;901164842;Tolima;Ibague;LINA CANO;auxiliargestionhumanacopifam@outlook.com;3177202320;Presencial / No especificado;1;9;9.0;Tier 5 · No Prioritaria (Riesgo Operativo / No TI);48;40;3.2;$1.423.500 COP (100% SMMLV);$1.423.500 a $1.800.000 COP (SMMLV);$2.5M - $4.0M COP;31/08/2026
180;OLEAGINOSAS DEL NORTE DE SANTANDER S.A.S.;900991337;Norte De Santander;Cucuta;DAYANA HERNANDEZ;contratacion@oleonortesas.com;3166931955;Presencial / No especificado;1;21;21.0;Tier 5 · No Prioritaria (Riesgo Operativo / No TI);48;40;3.2;$1.423.500 COP (100% SMMLV);$1.423.500 a $1.800.000 COP (SMMLV);$2.5M - $4.0M COP;29/08/2026
181;CONTACT POINT 360 SAS;901090585;Bogota D.C.;Bogota D. C.;Andres Sarmiento;andres.sarmiento@contactpoint360.com;310 6198536;Presencial / No especificado;10;17;1.7;Tier 5 · No Prioritaria (Riesgo Operativo / No TI);47;40;3.2;$1.423.500 COP (100% SMMLV);$1.423.500 a $1.800.000 COP (SMMLV);$2.5M - $4.0M COP;28/08/2026
182;COATS CADENA ANDINA S.A;890900265;Risaralda;Pereira;Catalina Valencia;catalina.valenciaquintero@coats.com;3106843878;Presencial / No especificado;1;2;2.0;Tier 5 · No Prioritaria (Riesgo Operativo / No TI);47;40;3.2;$1.423.500 COP (100% SMMLV);$1.423.500 a $1.800.000 COP (SMMLV);$2.5M - $4.0M COP;28/08/2026
183;CARNES SANTACRUZ S.A.S.;900326452;Atlantico;Malambo;Karen Castilla;seleccionydesarrollo@grupo-santacruz.com;3164354391;Presencial / No especificado;1;2;2.0;Tier 5 · No Prioritaria (Riesgo Operativo / No TI);47;40;3.2;$1.423.500 COP (100% SMMLV);$1.423.500 a $1.800.000 COP (SMMLV);$2.5M - $4.0M COP;30/08/2026
184;E ADVISING S.A.S.;830103081;Bogota D.C.;Bogota D. C.;JULIAN VASCO;admin@e-advising.com;3123766419;Presencial / No especificado;2;5;2.5;Tier 5 · No Prioritaria (Riesgo Operativo / No TI);47;40;3.2;$1.423.500 COP (100% SMMLV);$1.423.500 a $1.800.000 COP (SMMLV);$2.5M - $4.0M COP;31/08/2026
185;BOYDORR SAS;900554592;Cundinamarca;Sopo;LAURA MACIA;laura.macia@boydorr.com;30038319664;Presencial / No especificado;2;7;3.5;Tier 5 · No Prioritaria (Riesgo Operativo / No TI);47;40;3.2;$1.423.500 COP (100% SMMLV);$1.423.500 a $1.800.000 COP (SMMLV);$2.5M - $4.0M COP;02/10/2026
186;MG CONSULTORES SAS;860054546;Cundinamarca;Chia;GERALDINE ALBARRACIN;geraldine.albarracin@mg-consultores.com;3228214860;Presencial / No especificado;1;4;4.0;Tier 5 · No Prioritaria (Riesgo Operativo / No TI);47;40;3.2;$1.423.500 COP (100% SMMLV);$1.423.500 a $1.800.000 COP (SMMLV);$2.5M - $4.0M COP;31/08/2026
187;TENARIS TUBOCARIBE LTDA;800011987;Bolivar;Cartagena;Ana Gracia;aigarciapadilla@suppliers.tenaris.com;6535400;Presencial / No especificado;50;38;0.76;Tier 5 · No Prioritaria (Riesgo Operativo / No TI);46;40;3.2;$1.423.500 COP (100% SMMLV);$1.423.500 a $1.800.000 COP (SMMLV);$2.5M - $4.0M COP;30/09/2026
188;ASSISPREX SAS;900193601;Bogota D.C.;Bogota D. C.;ALISON GUERRERO;alison.guerrero@assisprex.com;3011206924 3219615877;Presencial / No especificado;1;5;5.0;Tier 5 · No Prioritaria (Riesgo Operativo / No TI);45;40;3.2;$1.423.500 COP (100% SMMLV);$1.423.500 a $1.800.000 COP (SMMLV);$2.5M - $4.0M COP;31/08/2026
189;PGD PROCESOS DE GESTION DOCUMENTAL S.A.S. P.G.D. S.A.S;900998531;Bogota D.C.;Bogota D. C.;Paula Romero;trabajaconnosotros@pgd.com.co;3022027513;Presencial / No especificado;3;18;6.0;Tier 5 · No Prioritaria (Riesgo Operativo / No TI);45;40;3.2;$1.423.500 COP (100% SMMLV);$1.423.500 a $1.800.000 COP (SMMLV);$2.5M - $4.0M COP;31/08/2026
190;ZAJANA S.A.S;901503100;Bogota D.C.;Bogota D. C.;paula gonzalez;pagonzalez@mareigua.co;3503950212;Presencial / No especificado;1;8;8.0;Tier 5 · No Prioritaria (Riesgo Operativo / No TI);45;40;3.2;$1.423.500 COP (100% SMMLV);$1.423.500 a $1.800.000 COP (SMMLV);$2.5M - $4.0M COP;31/08/2026
191;TRANSPORTES MASA LTDA;900163464;Huila;Neiva;Marilu Ramos;gestionhumana@transportesmasa.com;3214686992;Presencial / No especificado;1;8;8.0;Tier 5 · No Prioritaria (Riesgo Operativo / No TI);45;40;3.2;$1.423.500 COP (100% SMMLV);$1.423.500 a $1.800.000 COP (SMMLV);$2.5M - $4.0M COP;31/08/2026
192;INTERELECTRICOS GROUP S.A.S.;900920936;Norte De Santander;Cucuta;JASMIN CAROLINA ARIAS PALLARES;contabilidad@interelectricos.com;3185176308;Presencial / No especificado;1;8;8.0;Tier 5 · No Prioritaria (Riesgo Operativo / No TI);45;40;3.2;$1.423.500 COP (100% SMMLV);$1.423.500 a $1.800.000 COP (SMMLV);$2.5M - $4.0M COP;31/08/2026
193;ZIPPOL LIMITADA;900655384;Bogota D.C.;Bogota D. C.;MARCELA VARGAS;servicioalcliente@zippol.com;3163328978;Presencial / No especificado;1;9;9.0;Tier 5 · No Prioritaria (Riesgo Operativo / No TI);45;40;3.2;$1.423.500 COP (100% SMMLV);$1.423.500 a $1.800.000 COP (SMMLV);$2.5M - $4.0M COP;26/08/2026
194;INVERSIONES DEL ANCA S.A.S.;900721652;Antioquia;Itagui;YURANI GONZALEZ;yuranigonzes@yopmail.com;2116565;Presencial / No especificado;1;11;11.0;Tier 5 · No Prioritaria (Riesgo Operativo / No TI);44;40;3.2;$1.423.500 COP (100% SMMLV);$1.423.500 a $1.800.000 COP (SMMLV);$2.5M - $4.0M COP;30/09/2026
195;PLASTICOS FORMOSA LIMITADA;900121262;Norte De Santander;Cucuta;yajaira agudelo;rh4plasticosformosa.com;3154783473;Presencial / No especificado;1;16;16.0;Tier 5 · No Prioritaria (Riesgo Operativo / No TI);44;40;3.2;$1.423.500 COP (100% SMMLV);$1.423.500 a $1.800.000 COP (SMMLV);$2.5M - $4.0M COP;31/10/2026
